{
	"info": {
		"_postman_id": "6c7c3c09-4245-4e29-9aaa-cbbc47def158",
		"name": "DianaRiera",
		"schema": "https://schema.getpostman.com/json/collection/v2.1.0/collection.json"
	},
	"item": [
		{
			"name": "http://localhost:3000/api/receta",
			"request": {
				"method": "GET",
				"header": [],
				"url": {
					"raw": "http://localhost:3000/api/receta",
					"protocol": "http",
					"host": [
						"localhost"
					],
					"port": "3000",
					"path": [
						"api",
						"receta"
					]
				}
			},
			"response": []
		},
		{
			"name": "http://localhost:3000/api/receta",
			"request": {
				"method": "POST",
				"header": [
					{
						"key": "Content-Type",
						"name": "Content-Type",
						"value": "application/x-www-form-urlencoded",
						"type": "text"
					}
				],
				"body": {
					"mode": "urlencoded",
					"urlencoded": [
						{
							"key": "receta",
							"value": "pizza",
							"type": "text"
						},
						{
							"key": "precio",
							"value": "80",
							"type": "text"
						},
						{
							"key": "tipo",
							"value": "pasta gruesa",
							"type": "text"
						},
						{
							"key": "observacion",
							"value": "abc",
							"type": "text"
						},
						{
							"key": "estado",
							"value": "ab",
							"type": "text"
						}
					]
				},
				"url": {
					"raw": "http://localhost:3000/api/receta",
					"protocol": "http",
					"host": [
						"localhost"
					],
					"port": "3000",
					"path": [
						"api",
						"receta"
					]
				}
			},
			"response": []
		},
		{
			"name": "http://localhost:3000/api/receta/1560325713772",
			"request": {
				"method": "PUT",
				"header": [
					{
						"key": "Content-Type",
						"name": "Content-Type",
						"value": "application/x-www-form-urlencoded",
						"type": "text"
					}
				],
				"body": {
					"mode": "urlencoded",
					"urlencoded": [
						{
							"key": "estado",
							"value": "entregado",
							"type": "text"
						}
					]
				},
				"url": {
					"raw": "http://localhost:3000/api/receta/1560325713772",
					"protocol": "http",
					"host": [
						"localhost"
					],
					"port": "3000",
					"path": [
						"api",
						"receta",
						"1560325713772"
					]
				}
			},
			"response": []
		},
		{
			"name": "http://localhost:3000/api/receta/1560325713772",
			"request": {
				"method": "DELETE",
				"header": [],
				"url": {
					"raw": "http://localhost:3000/api/receta/1560325713772",
					"protocol": "http",
					"host": [
						"localhost"
					],
					"port": "3000",
					"path": [
						"api",
						"receta",
						"1560325713772"
					],
					"query": [
						{
							"key": "",
							"value": ""
						}
					]
				}
			},
			"response": []
		}
	]
}