{
	"info": {
		"_postman_id": "cad26ca9-cbeb-4cb6-89b7-fcea26bb2efb",
		"name": "examen_2do_parcial",
		"schema": "https://schema.getpostman.com/json/collection/v2.1.0/collection.json"
	},
	"item": [
		{
			"name": "http://localhost:3000/api/plantas/",
			"request": {
				"method": "GET",
				"header": [],
				"url": {
					"raw": "http://localhost:3000/api/plantas/",
					"protocol": "http",
					"host": [
						"localhost"
					],
					"port": "3000",
					"path": [
						"api",
						"plantas",
						""
					]
				}
			},
			"response": []
		},
		{
			"name": "http://localhost:3000/api/plantas/ insert",
			"request": {
				"method": "POST",
				"header": [
					{
						"key": "Content-Type",
						"name": "Content-Type",
						"value": "application/x-www-form-urlencoded",
						"type": "text"
					}
				],
				"body": {
					"mode": "urlencoded",
					"urlencoded": [
						{
							"key": "nombre",
							"value": "Planta Carnivora",
							"type": "text"
						},
						{
							"key": "tipo",
							"value": "Plantita",
							"type": "text"
						},
						{
							"key": "taxonomia",
							"value": ",Platus Malevulus",
							"type": "text"
						},
						{
							"key": "uso",
							"value": "Control de Plagas",
							"type": "text"
						}
					]
				},
				"url": {
					"raw": "http://localhost:3000/api/plantas/",
					"protocol": "http",
					"host": [
						"localhost"
					],
					"port": "3000",
					"path": [
						"api",
						"plantas",
						""
					]
				}
			},
			"response": []
		},
		{
			"name": "http://localhost:3000/api/plantas/",
			"request": {
				"method": "GET",
				"header": [],
				"url": {
					"raw": "http://localhost:3000/api/plantas/5d23e43dd4916b148959648d",
					"protocol": "http",
					"host": [
						"localhost"
					],
					"port": "3000",
					"path": [
						"api",
						"plantas",
						"5d23e43dd4916b148959648d"
					]
				}
			},
			"response": []
		},
		{
			"name": "http://localhost:3000/api/plantas/ update",
			"request": {
				"method": "PUT",
				"header": [],
				"url": {
					"raw": "http://localhost:3000/api/plantas/5d23e43dd4916b148959648d",
					"protocol": "http",
					"host": [
						"localhost"
					],
					"port": "3000",
					"path": [
						"api",
						"plantas",
						"5d23e43dd4916b148959648d"
					]
				}
			},
			"response": []
		},
		{
			"name": "http://localhost:3000/api/plantas/ delete",
			"request": {
				"method": "DELETE",
				"header": [],
				"url": {
					"raw": "http://localhost:3000/api/plantas/5d23e43dd4916b148959648d",
					"protocol": "http",
					"host": [
						"localhost"
					],
					"port": "3000",
					"path": [
						"api",
						"plantas",
						"5d23e43dd4916b148959648d"
					]
				}
			},
			"response": []
		}
	]
}